{
  "system": "Rossler",
  "methodology": "Steinegger_Rath_2025",
  "timestamp": "2025-12-07T16:52:27.346187",
  "specs": {
    "n_qubits": 9,
    "topology": "3x3_square_lattice",
    "simulation": "Qiskit_Aer"
  },
  "qrc_config": {
    "n_qubits": 9,
    "n_layers": 8,
    "V": 5,
    "r": 3,
    "G": 4,
    "scale_range": [
      0,
      1
    ],
    "random_seed": 42
  },
  "train_config": {
    "n_samples": 100,
    "test_size": 0.2,
    "ridge_alphas": [
      0.001,
      0.01,
      0.1,
      1.0,
      10.0,
      100.0,
      1000.0
    ],
    "random_state": 42
  },
  "chaotic_system": {
    "system": "Rossler",
    "a": 0.2,
    "b": 0.2,
    "c": 5.7,
    "dt": 0.1,
    "n_timesteps": 10000,
    "spinup": 1000,
    "lyapunov_exponent": 0.071,
    "lyapunov_time": 14.08,
    "correlation_dimension": 2.01,
    "statistics": {
      "x_mean": 0.17510631436520183,
      "x_std": 5.154933083581197,
      "y_mean": -0.8838292790418549,
      "y_std": 4.840041816733904,
      "z_mean": 0.8903922644080295,
      "z_std": 2.847216765306764
    }
  },
  "performance": {
    "r2": 0.9688963442000359,
    "energy_correlation": 0.9711523360284688,
    "best_alpha": 0.1,
    "forecast_horizon_lyapunov_times": 31.64792844946245,
    "n_train": 80,
    "n_test": 20,
    "n_features": 3375
  }
}